{"text": " Allora Ale, non so se tu l'hai provato ad usare, c'\u00e8 il problema del front-end, nel senso che se tu fai prenota ti chiede di logarti, entri nell'area di amministrazione e poi non riesci pi\u00f9 ad andare a prenotare, quindi bisogna che ci sia la parte di prenotazione sempre disponibile, prenoti e tutto e dopo come ultimo step ti chiede di logarti", "segments": [{"id": 0, "seek": 0, "start": 0.0, "end": 7.68, "text": " Allora Ale, non so se tu l'hai provato ad usare, c'\u00e8 il problema del front-end, nel senso che se tu", "tokens": [50364, 1057, 3252, 9366, 11, 2107, 370, 369, 2604, 287, 6, 18230, 1439, 2513, 614, 505, 543, 11, 269, 6, 1462, 1930, 12395, 1103, 1868, 12, 521, 11, 15373, 3151, 539, 947, 369, 2604, 50748], "temperature": 0.0, "avg_logprob": -0.14606483615174584, "compression_ratio": 1.5595854922279793, "no_speech_prob": 0.08107347786426544}, {"id": 1, "seek": 0, "start": 7.68, "end": 16.64, "text": " fai prenota ti chiede di logarti, entri nell'area di amministrazione e poi non riesci pi\u00f9 ad andare", "tokens": [50748, 283, 1301, 659, 2247, 64, 8757, 417, 1091, 68, 1026, 3565, 40155, 11, 948, 470, 44666, 6, 35425, 1026, 669, 4192, 424, 19706, 308, 19260, 2107, 23932, 537, 10589, 614, 42742, 51196], "temperature": 0.0, "avg_logprob": -0.14606483615174584, "compression_ratio": 1.5595854922279793, "no_speech_prob": 0.08107347786426544}, {"id": 2, "seek": 0, "start": 16.64, "end": 28.560000000000002, "text": " a prenotare, quindi bisogna che ci sia la parte di prenotazione sempre disponibile, prenoti e tutto", "tokens": [51196, 257, 659, 2247, 543, 11, 15727, 40505, 629, 947, 6983, 25176, 635, 6975, 1026, 659, 2247, 12928, 9553, 23311, 30898, 11, 659, 2247, 72, 308, 23048, 51792], "temperature": 0.0, "avg_logprob": -0.14606483615174584, "compression_ratio": 1.5595854922279793, "no_speech_prob": 0.08107347786426544}, {"id": 3, "seek": 2856, "start": 28.56, "end": 31.119999999999997, "text": " e dopo come ultimo step ti chiede di logarti", "tokens": [50364, 308, 35196, 808, 3725, 6934, 1823, 8757, 417, 1091, 68, 1026, 3565, 40155, 50492], "temperature": 0.0, "avg_logprob": -0.256367951631546, "compression_ratio": 0.9166666666666666, "no_speech_prob": 0.18495476245880127}], "language": "Italian"}