{"text": " Deve essere come un e-commerce, non \u00e8 che l'e-commerce non ti fa vedere il prodotto e ti chiede prima di loggarti, questo serve alla gente per vedere se gli spazi sono liberi, quali sono le cose prenotabili, uno si guarda tutto quanto e poi quando ha deciso compila tutte le cose che servono e in fondo si deve registrare e pagare casomai.", "segments": [{"id": 0, "seek": 0, "start": 0.0, "end": 6.04, "text": " Deve essere come un e-commerce, non \u00e8 che l'e-commerce non ti fa vedere il prodotto", "tokens": [50364, 1346, 303, 19799, 808, 517, 308, 12, 26926, 11, 2107, 4873, 947, 287, 6, 68, 12, 26926, 2107, 8757, 2050, 35373, 1930, 15792, 18838, 50666], "temperature": 0.0, "avg_logprob": -0.15736796532148195, "compression_ratio": 1.528735632183908, "no_speech_prob": 0.05307343974709511}, {"id": 1, "seek": 0, "start": 6.04, "end": 14.88, "text": " e ti chiede prima di loggarti, questo serve alla gente per vedere se gli spazi sono liberi,", "tokens": [50666, 308, 8757, 417, 1091, 68, 19507, 1026, 3565, 70, 40155, 11, 10263, 4596, 11591, 3788, 680, 35373, 369, 17161, 637, 26637, 9259, 6774, 72, 11, 51108], "temperature": 0.0, "avg_logprob": -0.15736796532148195, "compression_ratio": 1.528735632183908, "no_speech_prob": 0.05307343974709511}, {"id": 2, "seek": 0, "start": 14.88, "end": 23.8, "text": " quali sono le cose prenotabili, uno si guarda tutto quanto e poi quando ha deciso compila", "tokens": [51108, 4101, 72, 9259, 476, 30261, 659, 2247, 455, 2312, 11, 8526, 1511, 6290, 64, 23048, 17820, 308, 19260, 7770, 324, 18206, 78, 715, 7371, 51554], "temperature": 0.0, "avg_logprob": -0.15736796532148195, "compression_ratio": 1.528735632183908, "no_speech_prob": 0.05307343974709511}, {"id": 3, "seek": 2380, "start": 23.8, "end": 31.12, "text": " tutte le cose che servono e in fondo si deve registrare e pagare casomai.", "tokens": [50366, 38632, 476, 30261, 947, 1658, 8957, 308, 294, 38101, 1511, 17761, 11376, 35559, 308, 11812, 543, 3058, 298, 1301, 13, 50730], "temperature": 0.0, "avg_logprob": -0.2839331212251083, "compression_ratio": 1.0579710144927537, "no_speech_prob": 0.14867544174194336}], "language": "Italian"}