{"text": " Ci sono due tipologie di utenti, una \u00e8 l'amministrazione che si logga e vede tutte le prenotazioni attive, approva, cancella, ma l'utente normale, il cittadino pu\u00f2 avere subito il login, deve avere disponibile tutte le risorse, tutti i contenuti e poi quando ha deciso si finisce la prenotazione, si ha un account, si logga e se no lo deve registrare.", "segments": [{"id": 0, "seek": 0, "start": 0.0, "end": 9.0, "text": " Ci sono due tipologie di utenti, una \u00e8 l'amministrazione che si logga e vede tutte le prenotazioni attive,", "tokens": [50364, 20188, 9259, 3462, 4125, 20121, 1026, 2839, 23012, 11, 2002, 4873, 287, 6, 335, 4192, 424, 19706, 947, 1511, 3565, 3680, 308, 371, 4858, 38632, 476, 659, 2247, 27569, 951, 488, 11, 50814], "temperature": 0.0, "avg_logprob": -0.1749753429465098, "compression_ratio": 1.43125, "no_speech_prob": 0.05408487096428871}, {"id": 1, "seek": 0, "start": 10.0, "end": 21.0, "text": " approva, cancella, ma l'utente normale, il cittadino pu\u00f2 avere subito il login, deve avere disponibile tutte le risorse,", "tokens": [50864, 2075, 2757, 11, 393, 384, 3505, 11, 463, 287, 6, 325, 1576, 43646, 11, 1930, 269, 593, 345, 2982, 26526, 37914, 1422, 3528, 1930, 24276, 11, 17761, 37914, 23311, 30898, 38632, 476, 2253, 18699, 11, 51414], "temperature": 0.0, "avg_logprob": -0.1749753429465098, "compression_ratio": 1.43125, "no_speech_prob": 0.05408487096428871}, {"id": 2, "seek": 2100, "start": 21.0, "end": 34.0, "text": " tutti i contenuti e poi quando ha deciso si finisce la prenotazione, si ha un account, si logga e se no lo deve registrare.", "tokens": [50364, 19822, 741, 21795, 29161, 308, 19260, 7770, 324, 18206, 78, 1511, 962, 49596, 635, 659, 2247, 12928, 11, 1511, 324, 517, 2696, 11, 1511, 3565, 3680, 308, 369, 572, 450, 17761, 11376, 35559, 13, 51014], "temperature": 0.0, "avg_logprob": -0.1960827079979149, "compression_ratio": 1.268041237113402, "no_speech_prob": 0.09376756101846695}], "language": "Italian"}